Workbook

Sheet 数据录入
A1: 回次号 | B1: 回次进尺(m)* | C1: <10cm碎屑数* | D1: L1(cm) | E1: L2(cm) | F1: L3(cm) | G1: L4(cm) | H1: L5(cm) | I1: L6(cm) | J1: L7(cm) | K1: L8(cm) | L1: L9(cm) | M1: L10(cm) | N1: L11(cm) | O1: L12(cm) | P1: L13(cm) | Q1: L14(cm) | R1: L15(cm) | S1: L16(cm) | T1: L17(cm) | U1: L18(cm) | V1: L19(cm) | W1: L20(cm) | X1: L21(cm) | Y1: L22(cm) | Z1: L23(cm) | AA1: L24(cm) | AB1: L25(cm) | AC1: L26(cm) | AD1: L27(cm) | AE1: L28(cm) | AF1: L29(cm) | AG1: L30(cm)
A2: 1 | B2: 2 | C2: 0 | D2: 40 | E2: 35 | F2: 30 | G2: 25 | H2: 20 | I2: 15 | J2: 12 | K2: 10
A3: 2 | B3: 1.5 | C3: 8 | D3: 30 | E3: 25 | F3: 20 | G3: 15 | H3: 12
A4: 3 | B4: 2 | C4: 25 | D4: 20 | E4: 20
A5: 4 | B5: 1 | C5: 0 | D5: 100
A6: 5 | B6: 2 | C6: 40

Sheet 计算成果
A1: 回次号 | B1: 进尺(m) | C1: ≥10cm段数 | D1: ≥10cm总长(cm) | E1: RQD(%) | F1: 区间起点(m) | G1: 区间终点(m) | H1: 岩心总段数n | I1: 节理数J | J1: 平均间距S(cm) | K1: 岩质 | L1: 岩体结构 | M1: 坚硬程度 | N1: 岩心均一性 | O1: 地下水 | P1: 洞轴夹角<30°
A2: =IF(数据录入!$B2="","",IF(数据录入!$A2=""," ",数据录入!$A2)) -> 1 | B2: =IF(数据录入!$B2="","",数据录入!$B2) -> 2 | C2: =IF(数据录入!$B2="","",COUNT(数据录入!$D2:$AG2)) -> 8 | D2: =IF(数据录入!$B2="","",SUM(数据录入!$D2:$AG2)) -> 187 | E2: =IF(OR(数据录入!$B2="",数据录入!$B2=0),"",ROUND(D2/(数据录入!$B2*100)*100,1)) -> 93.5 | F2: =IF(数据录入!$B2="","",IF(ROW()=2,0,N(G1))) -> 0 | G2: =IF(数据录入!$B2="","",F2+数据录入!$B2) -> 2 | H2: =IF(数据录入!$B2="","",C2+IF(数据录入!$C2="",0,数据录入!$C2)) -> 8 | I2: =IF(数据录入!$B2="","",H2-1) -> 7 | J2: =IF(OR(数据录入!$B2="",H2=0),"",ROUND(数据录入!$B2*100/H2,1)) -> 25 | K2: 硬质岩 | L2: 整体状或巨厚层状结构 | M2: 坚硬岩 | N2: 均一无软弱夹层 | O2: 干燥 | P2: 不设置
A3: =IF(数据录入!$B3="","",IF(数据录入!$A3=""," ",数据录入!$A3)) -> 2 | B3: =IF(数据录入!$B3="","",数据录入!$B3) -> 1.5 | C3: =IF(数据录入!$B3="","",COUNT(数据录入!$D3:$AG3)) -> 5 | D3: =IF(数据录入!$B3="","",SUM(数据录入!$D3:$AG3)) -> 102 | E3: =IF(OR(数据录入!$B3="",数据录入!$B3=0),"",ROUND(D3/(数据录入!$B3*100)*100,1)) -> 68 | F3: =IF(数据录入!$B3="","",IF(ROW()=2,0,N(G2))) -> 2 | G3: =IF(数据录入!$B3="","",F3+数据录入!$B3) -> 3.5 | H3: =IF(数据录入!$B3="","",C3+IF(数据录入!$C3="",0,数据录入!$C3)) -> 13 | I3: =IF(数据录入!$B3="","",H3-1) -> 12 | J3: =IF(OR(数据录入!$B3="",H3=0),"",ROUND(数据录入!$B3*100/H3,1)) -> 11.5
A4: =IF(数据录入!$B4="","",IF(数据录入!$A4=""," ",数据录入!$A4)) -> 3 | B4: =IF(数据录入!$B4="","",数据录入!$B4) -> 2 | C4: =IF(数据录入!$B4="","",COUNT(数据录入!$D4:$AG4)) -> 2 | D4: =IF(数据录入!$B4="","",SUM(数据录入!$D4:$AG4)) -> 40 | E4: =IF(OR(数据录入!$B4="",数据录入!$B4=0),"",ROUND(D4/(数据录入!$B4*100)*100,1)) -> 20 | F4: =IF(数据录入!$B4="","",IF(ROW()=2,0,N(G3))) -> 3.5 | G4: =IF(数据录入!$B4="","",F4+数据录入!$B4) -> 5.5 | H4: =IF(数据录入!$B4="","",C4+IF(数据录入!$C4="",0,数据录入!$C4)) -> 27 | I4: =IF(数据录入!$B4="","",H4-1) -> 26 | J4: =IF(OR(数据录入!$B4="",H4=0),"",ROUND(数据录入!$B4*100/H4,1)) -> 7.4
A5: =IF(数据录入!$B5="","",IF(数据录入!$A5=""," ",数据录入!$A5)) -> 4 | B5: =IF(数据录入!$B5="","",数据录入!$B5) -> 1 | C5: =IF(数据录入!$B5="","",COUNT(数据录入!$D5:$AG5)) -> 1 | D5: =IF(数据录入!$B5="","",SUM(数据录入!$D5:$AG5)) -> 100 | E5: =IF(OR(数据录入!$B5="",数据录入!$B5=0),"",ROUND(D5/(数据录入!$B5*100)*100,1)) -> 100 | F5: =IF(数据录入!$B5="","",IF(ROW()=2,0,N(G4))) -> 5.5 | G5: =IF(数据录入!$B5="","",F5+数据录入!$B5) -> 6.5 | H5: =IF(数据录入!$B5="","",C5+IF(数据录入!$C5="",0,数据录入!$C5)) -> 1 | I5: =IF(数据录入!$B5="","",H5-1) -> 0 | J5: =IF(OR(数据录入!$B5="",H5=0),"",ROUND(数据录入!$B5*100/H5,1)) -> 100
A6: =IF(数据录入!$B6="","",IF(数据录入!$A6=""," ",数据录入!$A6)) -> 5 | B6: =IF(数据录入!$B6="","",数据录入!$B6) -> 2 | C6: =IF(数据录入!$B6="","",COUNT(数据录入!$D6:$AG6)) -> 0 | D6: =IF(数据录入!$B6="","",SUM(数据录入!$D6:$AG6)) -> 0 | E6: =IF(OR(数据录入!$B6="",数据录入!$B6=0),"",ROUND(D6/(数据录入!$B6*100)*100,1)) -> 0 | F6: =IF(数据录入!$B6="","",IF(ROW()=2,0,N(G5))) -> 6.5 | G6: =IF(数据录入!$B6="","",F6+数据录入!$B6) -> 8.5 | H6: =IF(数据录入!$B6="","",C6+IF(数据录入!$C6="",0,数据录入!$C6)) -> 40 | I6: =IF(数据录入!$B6="","",H6-1) -> 39 | J6: =IF(OR(数据录入!$B6="",H6=0),"",ROUND(数据录入!$B6*100/H6,1)) -> 5
A7: =IF(数据录入!$B7="","",IF(数据录入!$A7=""," ",数据录入!$A7)) | B7: =IF(数据录入!$B7="","",数据录入!$B7) | C7: =IF(数据录入!$B7="","",COUNT(数据录入!$D7:$AG7)) | D7: =IF(数据录入!$B7="","",SUM(数据录入!$D7:$AG7)) | E7: =IF(OR(数据录入!$B7="",数据录入!$B7=0),"",ROUND(D7/(数据录入!$B7*100)*100,1)) | F7: =IF(数据录入!$B7="","",IF(ROW()=2,0,N(G6))) | G7: =IF(数据录入!$B7="","",F7+数据录入!$B7) | H7: =IF(数据录入!$B7="","",C7+IF(数据录入!$C7="",0,数据录入!$C7)) | I7: =IF(数据录入!$B7="","",H7-1) | J7: =IF(OR(数据录入!$B7="",H7=0),"",ROUND(数据录入!$B7*100/H7,1))
A8: =IF(数据录入!$B8="","",IF(数据录入!$A8=""," ",数据录入!$A8)) | B8: =IF(数据录入!$B8="","",数据录入!$B8) | C8: =IF(数据录入!$B8="","",COUNT(数据录入!$D8:$AG8)) | D8: =IF(数据录入!$B8="","",SUM(数据录入!$D8:$AG8)) | E8: =IF(OR(数据录入!$B8="",数据录入!$B8=0),"",ROUND(D8/(数据录入!$B8*100)*100,1)) | F8: =IF(数据录入!$B8="","",IF(ROW()=2,0,N(G7))) | G8: =IF(数据录入!$B8="","",F8+数据录入!$B8) | H8: =IF(数据录入!$B8="","",C8+IF(数据录入!$C8="",0,数据录入!$C8)) | I8: =IF(数据录入!$B8="","",H8-1) | J8: =IF(OR(数据录入!$B8="",H8=0),"",ROUND(数据录入!$B8*100/H8,1))
A9: =IF(数据录入!$B9="","",IF(数据录入!$A9=""," ",数据录入!$A9)) | B9: =IF(数据录入!$B9="","",数据录入!$B9) | C9: =IF(数据录入!$B9="","",COUNT(数据录入!$D9:$AG9)) | D9: =IF(数据录入!$B9="","",SUM(数据录入!$D9:$AG9)) | E9: =IF(OR(数据录入!$B9="",数据录入!$B9=0),"",ROUND(D9/(数据录入!$B9*100)*100,1)) | F9: =IF(数据录入!$B9="","",IF(ROW()=2,0,N(G8))) | G9: =IF(数据录入!$B9="","",F9+数据录入!$B9) | H9: =IF(数据录入!$B9="","",C9+IF(数据录入!$C9="",0,数据录入!$C9)) | I9: =IF(数据录入!$B9="","",H9-1) | J9: =IF(OR(数据录入!$B9="",H9=0),"",ROUND(数据录入!$B9*100/H9,1))
A10: =IF(数据录入!$B10="","",IF(数据录入!$A10=""," ",数据录入!$A10)) | B10: =IF(数据录入!$B10="","",数据录入!$B10) | C10: =IF(数据录入!$B10="","",COUNT(数据录入!$D10:$AG10)) | D10: =IF(数据录入!$B10="","",SUM(数据录入!$D10:$AG10)) | E10: =IF(OR(数据录入!$B10="",数据录入!$B10=0),"",ROUND(D10/(数据录入!$B10*100)*100,1)) | F10: =IF(数据录入!$B10="","",IF(ROW()=2,0,N(G9))) | G10: =IF(数据录入!$B10="","",F10+数据录入!$B10) | H10: =IF(数据录入!$B10="","",C10+IF(数据录入!$C10="",0,数据录入!$C10)) | I10: =IF(数据录入!$B10="","",H10-1) | J10: =IF(OR(数据录入!$B10="",H10=0),"",ROUND(数据录入!$B10*100/H10,1))
A11: =IF(数据录入!$B11="","",IF(数据录入!$A11=""," ",数据录入!$A11)) | B11: =IF(数据录入!$B11="","",数据录入!$B11) | C11: =IF(数据录入!$B11="","",COUNT(数据录入!$D11:$AG11)) | D11: =IF(数据录入!$B11="","",SUM(数据录入!$D11:$AG11)) | E11: =IF(OR(数据录入!$B11="",数据录入!$B11=0),"",ROUND(D11/(数据录入!$B11*100)*100,1)) | F11: =IF(数据录入!$B11="","",IF(ROW()=2,0,N(G10))) | G11: =IF(数据录入!$B11="","",F11+数据录入!$B11) | H11: =IF(数据录入!$B11="","",C11+IF(数据录入!$C11="",0,数据录入!$C11)) | I11: =IF(数据录入!$B11="","",H11-1) | J11: =IF(OR(数据录入!$B11="",H11=0),"",ROUND(数据录入!$B11*100/H11,1))
A12: =IF(数据录入!$B12="","",IF(数据录入!$A12=""," ",数据录入!$A12)) | B12: =IF(数据录入!$B12="","",数据录入!$B12) | C12: =IF(数据录入!$B12="","",COUNT(数据录入!$D12:$AG12)) | D12: =IF(数据录入!$B12="","",SUM(数据录入!$D12:$AG12)) | E12: =IF(OR(数据录入!$B12="",数据录入!$B12=0),"",ROUND(D12/(数据录入!$B12*100)*100,1)) | F12: =IF(数据录入!$B12="","",IF(ROW()=2,0,N(G11))) | G12: =IF(数据录入!$B12="","",F12+数据录入!$B12) | H12: =IF(数据录入!$B12="","",C12+IF(数据录入!$C12="",0,数据录入!$C12)) | I12: =IF(数据录入!$B12="","",H12-1) | J12: =IF(OR(数据录入!$B12="",H12=0),"",ROUND(数据录入!$B12*100/H12,1))
A13: =IF(数据录入!$B13="","",IF(数据录入!$A13=""," ",数据录入!$A13)) | B13: =IF(数据录入!$B13="","",数据录入!$B13) | C13: =IF(数据录入!$B13="","",COUNT(数据录入!$D13:$AG13)) | D13: =IF(数据录入!$B13="","",SUM(数据录入!$D13:$AG13)) | E13: =IF(OR(数据录入!$B13="",数据录入!$B13=0),"",ROUND(D13/(数据录入!$B13*100)*100,1)) | F13: =IF(数据录入!$B13="","",IF(ROW()=2,0,N(G12))) | G13: =IF(数据录入!$B13="","",F13+数据录入!$B13) | H13: =IF(数据录入!$B13="","",C13+IF(数据录入!$C13="",0,数据录入!$C13)) | I13: =IF(数据录入!$B13="","",H13-1) | J13: =IF(OR(数据录入!$B13="",H13=0),"",ROUND(数据录入!$B13*100/H13,1))
A14: =IF(数据录入!$B14="","",IF(数据录入!$A14=""," ",数据录入!$A14)) | B14: =IF(数据录入!$B14="","",数据录入!$B14) | C14: =IF(数据录入!$B14="","",COUNT(数据录入!$D14:$AG14)) | D14: =IF(数据录入!$B14="","",SUM(数据录入!$D14:$AG14)) | E14: =IF(OR(数据录入!$B14="",数据录入!$B14=0),"",ROUND(D14/(数据录入!$B14*100)*100,1)) | F14: =IF(数据录入!$B14="","",IF(ROW()=2,0,N(G13))) | G14: =IF(数据录入!$B14="","",F14+数据录入!$B14) | H14: =IF(数据录入!$B14="","",C14+IF(数据录入!$C14="",0,数据录入!$C14)) | I14: =IF(数据录入!$B14="","",H14-1) | J14: =IF(OR(数据录入!$B14="",H14=0),"",ROUND(数据录入!$B14*100/H14,1))
... A200: =IF(数据录入!$B200="","",IF(数据录入!$A200=""," ",数据录入!$A200)) | B200: =IF(数据录入!$B200="","",数据录入!$B200) | C200: =IF(数据录入!$B200="","",COUNT(数据录入!$D200:$AG200)) | D200: =IF(数据录入!$B200="","",SUM(数据录入!$D200:$AG200)) | E200: =IF(OR(数据录入!$B200="",数据录入!$B200=0),"",ROUND(D200/(数据录入!$B200*100)*100,1)) | F200: =IF(数据录入!$B200="","",IF(ROW()=2,0,N(G199))) | G200: =IF(数据录入!$B200="","",F200+数据录入!$B200) | H200: =IF(数据录入!$B200="","",C200+IF(数据录入!$C200="",0,数据录入!$C200)) | I200: =IF(数据录入!$B200="","",H200-1) | J200: =IF(OR(数据录入!$B200="",H200=0),"",ROUND(数据录入!$B200*100/H200,1))

Sheet 填写说明
A1: 岩心回次统计导入模板 · 填写说明（v4 一钻孔一文件 · 录入/成果双表）
A3: 【使用方式】
A4: 1. 一个钻孔 = 一个 Excel 文件，建议文件名即钻孔编号（如 ZK1.xlsx）；导入软件时再选择目标钻孔。
A5: 2. 「数据录入」表：一行 = 一个回次，行序 = 深度顺序（自上而下），软件按行序累计深度并生成三维展示。
A6: 3. 蓝色列手工填写：回次进尺(m)、<10cm碎屑数（无碎屑填0）、逐根量测的 ≥10cm 岩心段长 L1、L2…（按出土顺序从左到右，cm，0.1cm 精度）。回次号选填。
A7: 4. 「计算成果」表：前 10 列灰底为公式自动生成（与录入表逐行对齐），请勿改动；最后 6 列（岩质/岩体结构/坚硬程度/岩心均一性/地下水/洞轴夹角）为选填下拉。
A8: 5. 新增回次请直接在「数据录入」末尾追加行（公式已预填到第 200 行）；中间插行后需将「计算成果」公式列下拉填充对齐。
A9: 6. 每回次最多 30 根 ≥10cm 段（L1–L30），超出请联系开发者扩展。
A11: 【自动计算口径（与规范 F.0.4 一致）】
A12: ≥10cm段数 = 本行 L 列已填个数；总长 = ΣL；RQD(%) = 总长÷(进尺×100)×100。
A13: 岩心总段数 n = 段数 + 碎屑数；节理数 J = n − 1；平均间距 S = 进尺×100÷n (cm)。
A14: 区间起点 = 上一行终点（首行=0；非 0 起深的钻孔在导入软件时设置起始深度）。
... A25: 录入表前 5 行为自洽示例（含 J=0 完整回次、无 ≥10cm 段的全破碎回次两个边界场景），正式使用前请删除。
